id,latitude,longitude
1,-18.87049848678609,-46.11182284987263
2,-30.60472627800082,-52.4750208316602
3,-19.140995068065656,-35.90781802403198
4,0.3453672022719534,-55.63009256267439
5,-10.567201233740054,-46.47586966138395
6,3.9728750433519195,-45.53897565181777
7,0.09782118454489108,-54.312672941832375
8,-14.742777727934923,-42.97438252250279
9,0.05355195584913286,-60.8811746330258
10,-10.666069984556355,-38.020290858584595
11,-0.1807792311449763,-47.151325118082234
12,-4.487820851700517,-58.635484975190025
13,-17.717438369395595,-43.01428268692477
14,-9.651348041841821,-67.1271397389617
15,-0.9701668271915747,-46.54036826852246
16,-17.459435979562482,-73.51729629444998
17,-13.378087525442382,-57.351278546122956
18,-24.740691823886138,-36.65198883725212
19,-25.582161492659395,-34.784130769061164
20,-14.313174497361008,-52.09214226422014
21,-3.1729380166199714,-35.82917599410469
22,-22.67166734272641,-43.3126590312914
23,-15.039784917549504,-49.27075427179854
24,-12.00153543539965,-39.72042941432226
25,-6.598932339482509,-63.849028250594316
26,0.9354500914599075,-60.45442598707059
27,-4.314376095489742,-52.26321820617109
28,-24.952818159982037,-47.8848293650735
29,-6.377272886433877,-41.37110460294792
30,-11.60237810176726,-50.75082644416199
31,-0.8037223337086035,-60.414282019600414
32,-33.57435042396649,-43.39962917407694
33,0.13326420504975722,-55.69496580835535
34,0.49149410988553655,-45.5485845218112
35,-24.88906557628615,-44.7883591878325
36,-27.689181512385346,-72.28757205137373
37,-2.187914058872188,-54.37806053108392
38,4.725045861799826,-55.331158833520206
39,-15.697956740950747,-34.804282250218776
40,-24.03457244255012,-46.30570129135707
41,-13.579611640387702,-53.44817242303277
42,0.4335294904593612,-58.16793664402387
43,-19.05508598383524,-45.09003339041705
44,-3.2400013384484687,-35.125605733349765
45,-29.022769851867185,-65.53862253411992
46,-30.254152000729604,-46.713234402782106
47,-26.388243322103953,-36.93026417342023
48,-21.7829915791013,-45.85781025877828
49,-6.454253007703468,-68.18918738245745
50,-2.519894846048137,-43.0150199700679
51,0.8368214221559711,-45.581202775009274
52,-9.541816137742858,-53.94376317025149
53,-22.22907783459661,-41.66099528025957
54,-7.085355603447105,-37.74855351703877
55,-33.10386066456268,-34.88687283225633
56,-13.519799977713701,-45.64325636288951
57,-7.005244033456304,-43.10817829908978
58,-3.2669473225380963,-57.34023142359311
59,-3.9001445842712243,-42.83221095920905
60,-19.134288508117294,-48.20102181081891
61,-6.487500404888888,-44.53467607593181
62,-28.08888343565254,-43.283135734731175
63,-32.81212483110001,-50.37954648762261
64,4.614252446591587,-54.768857903826536
65,3.2892721245999734,-52.345055245758765
66,4.212596653278693,-46.423808898584326
67,-0.3314808982630266,-50.44805229409424
68,-27.93464845356577,-45.41055791009851
69,4.423341084341354,-52.69066093909407
70,-27.511619812597033,-46.52325464770762
71,-28.21877364293851,-37.4236440855317
72,-29.27228337545828,-51.422836122509544
73,-7.850746519149379,-40.44601769970257
74,-30.839545926510617,-40.071165477526094
75,-6.491554189873728,-39.97488417653715
76,3.712887418398717,-54.450792043494715
77,-23.514710625555857,-69.10761925274193
78,0.6973262349808902,-52.11073318259804
79,4.9001985041443845,-53.29004509893603
80,-23.054336412491416,-42.749626202099805
81,-19.502259500280413,-41.666713337947215
82,-17.686525746316146,-73.93683991379756
83,-29.43109913794496,-42.29974531339428
84,-13.153067909878953,-53.24325742749908
85,-24.055073714520596,-37.670626806713244
86,-21.46157770468831,-38.65460347008898
87,-10.52942024156088,-39.44998672424502
88,-33.12768733798528,-62.83353907575493
89,-5.733304654151233,-66.25150145927884
90,-18.347338760700787,-38.48647621308543
91,-27.441579107203772,-50.66298417885512
92,-14.746422227707209,-44.993876065668175
93,1.5122730266686544,-49.4208417186542
94,-28.538112571519104,-53.79270743520735
95,-20.88256025326072,-37.32491515124313
96,4.756758322628798,-57.03840592001185
97,-20.081383523828777,-51.79676925864413
98,-5.128849214664953,-56.93553247416961
99,-7.047116067479996,-54.92632136253454
100,-0.856083996063056,-47.011886158331826
101,-30.978172635305576,-36.06833350310476
102,-6.698195924179538,-37.29236658655499
103,-12.492231031464073,-37.93888080021391
104,-24.976354997190477,-45.7665157790222
105,-11.785417955297786,-38.759315962312364
106,-15.945507168640134,-38.23232969279575
107,-12.72335316602588,-49.13502347539496
108,-10.79403456004685,-61.71397557889202
109,-2.782240638577024,-50.574409891857066
110,-9.445271103437689,-40.57125647290725
111,-1.0319454967410762,-44.24860563471411
112,-28.938586488642052,-73.61876521948544
113,4.902397064684953,-53.35941722933484
114,2.3755383893198108,-45.660726441532056
115,-15.361514504343479,-34.148585139828455
116,-23.68357480166013,-65.95792698193554
117,-13.46836465238496,-55.87232889523553
118,-14.846915051020657,-52.27135781699387
119,-22.08148574134456,-49.12255508284041
120,-19.9328076026943,-43.49385056215057
121,-17.713471858757078,-66.58288718841408
122,-30.786420214808672,-39.363489918254935
123,-10.894900673940677,-37.072357493343944
124,-13.214178027620441,-53.20276669525998
125,-19.400273751633584,-37.22184963292893
126,-12.736620252951134,-48.011170300824965
127,-25.114505644237376,-47.52588161847808
128,-1.540941678497922,-49.83533967292243
129,-2.5513048428502234,-37.32007821179578
130,1.002255920302245,-54.937268032665
131,4.3870008780070915,-58.988935148451105
132,-31.386474275614358,-50.65544988275631
133,-33.94007907595065,-36.39194598295036
134,-14.839862361733122,-73.82479007947644
135,-29.38542223663879,-45.72122903952609
136,-6.679723074089576,-60.084664541442784
137,-3.7740199780555432,-42.54834439326613
138,-3.507449037053493,-58.990231604762634
139,-19.504355190610024,-44.6164651352006
140,-5.422611785674517,-40.28919142549337
141,-10.796750282228743,-34.02609588117057
142,-17.813229880149148,-48.255026699244304
143,-7.3732871706211505,-71.24765593616254
144,-26.226715938188214,-70.6792740939754
145,-8.324245237271697,-38.60939422418281
146,-30.27840039394408,-48.48378181625121
147,-9.3618761648233,-71.73214560206978
148,-30.977234627461126,-72.16903841934212
149,-23.178726497134864,-38.677022684830476
150,-21.29956902792501,-38.450119376328
151,-6.903496556657073,-39.06769041187239
152,-0.9923747616126315,-57.87291963151537
153,-20.153112152924773,-48.25698913124286
154,-10.200586369439883,-39.280019546616735
155,-18.834931797401268,-51.15218772689455
156,-16.324021088644752,-36.95934923344463
157,-28.916066825028985,-40.82125530477105
158,-8.280037218157661,-38.15594652933824
159,-7.208083936256689,-44.79997003035564
160,-0.8128634687782235,-60.77303626677405
161,-2.6075268170268124,-56.8044755485882
162,-28.39389648292565,-70.8276171366176
163,-16.030758864630087,-37.90444912656695
164,-22.563557230663637,-35.08325634264147
165,-20.323764858815295,-39.286204245435535
166,-9.494060731713361,-57.90282874013245
167,-1.70421829029633,-47.87208304299482
168,-2.229911899004634,-34.62186571399053
169,-6.163872275639974,-55.84939386526979
170,-4.714783485669381,-44.43561520217956
171,-11.907536779439951,-42.18855981934645
172,-25.679261440452628,-72.58736555974978
173,-28.39667295620065,-49.35401433015388
174,-29.603748019115702,-66.96014355472359
175,-10.482509109259311,-43.900295594725975
176,-11.597880413638956,-35.44250515473756
177,-23.72730637386085,-42.776450404320215
178,-13.749002872323219,-34.69848699357829
179,-19.27730459233311,-48.88574496506741
180,-0.7323569096132223,-49.75461970616517
181,-13.562293869432862,-46.92525175653913
182,-18.14943999377806,-44.911172731802544
183,-31.080013672967436,-51.336686722139085
184,4.88729016598287,-57.688675740511314
185,-29.820825450853725,-39.211545663979805
186,-9.042636462168378,-51.674744328481715
187,-14.261877656987318,-52.5641744999024
188,-8.867280341479677,-60.392987310006355
189,-4.121977814905593,-61.40280829679105
190,-27.29592312772861,-53.24643047764136
191,-15.295182188081569,-38.27212547624862
192,-12.933316434049381,-39.38897156637842
193,-29.54550375188726,-68.19611076654866
194,-21.444106493579987,-37.19999433109829
195,-15.494758641796835,-46.76553404737142
196,-8.69343134823162,-60.05883876491399
197,-10.857545062058445,-47.218348142482625
198,-12.529372137833123,-40.20209547405179
199,-7.271531734121872,-40.00535606254511
200,-25.291990518276638,-38.3789146849481
201,-12.235735100221213,-72.96215593905671
202,-14.637882438670541,-63.7443736517971
203,-5.829419362776488,-35.30846927210478
204,-12.089149765721098,-44.39377844083265
205,-6.27126209537378,-35.84636804790463
206,-3.835397627224337,-42.315471128582104
207,-3.723718805195391,-42.68549661667366
208,-2.587049421072157,-60.9685985259417
209,-17.79737015961373,-39.49058557715686
210,-31.103033626309823,-49.24731034451739
211,-30.605581533720965,-65.92172108838028
212,-21.124388095393947,-52.35400105983204
213,-25.80994983626561,-45.25213014635623
214,-17.864932534244254,-41.99976207699526
215,-7.512528377358826,-45.24216952221668
216,-5.890520728710019,-41.72260636566377
217,-29.904530249438285,-72.39445375775429
218,-21.671248920595623,-36.06820404139026
219,-9.561950601823074,-46.89734819902458
220,-12.64022719755098,-40.566089636143786
221,-2.375772837942092,-40.08723987412202
222,-19.12965525395837,-40.939169310388316
223,-2.9479975699301915,-47.123475676832044
224,-26.622303106937565,-70.9463876235291
225,-10.66030254547827,-60.97371503170791
226,-22.730055915086883,-50.534553273359066
227,-30.24509735816801,-50.513054762373976
228,-2.3393121362045397,-57.92898735355171
229,-9.944550710510182,-48.588267180712585
230,-5.933733416044523,-53.843908536050066
231,-9.68414198903442,-43.7007660750908
232,-6.90230289820159,-58.07852659255818
233,-25.54801190408561,-46.35103618216716
234,-24.564226725018848,-45.242167346466985
235,-21.882594145395014,-38.873901122748386
236,-23.32532076433707,-42.306823817211274
237,4.397035320057773,-52.85350731991488
238,-26.355168719025865,-50.74686608507156
239,-10.164224046823474,-42.97945012444058
240,-25.959999713093183,-46.5473306124657
241,-21.47082638047946,-65.12624452535542
242,-12.910737584334232,-60.6708348640799
243,-6.211677417598841,-54.34608841273423
244,-26.98970998733364,-42.51263398799987
245,-12.68730564344079,-44.23818341659809
246,-3.4635765513397008,-58.51225648766692
247,-11.648998965252973,-53.42466801456875
248,-8.363662644862616,-43.002369389671934
249,-13.802558417316316,-54.31364128752958
250,2.707468377035733,-51.42637375359202
251,-11.239652535622362,-67.44170180900205
252,-10.188066900766902,-44.45349825743304
253,-8.704661620749832,-65.88169808808517
254,-25.687162613395884,-48.41937428735421
255,-20.41316200478854,-51.90881187985237
256,-28.891045808541293,-48.435002860813704
257,-23.432425508278683,-37.80889368987895
258,-14.190880777141773,-56.06003764232669
259,-15.532994332693427,-41.50748658863135
260,-5.490743564789929,-51.2847712310799
261,-8.776545317802192,-44.48109202747156
262,-10.648011338400453,-58.45775195785859
263,-25.1807386794288,-41.0472209175075
264,-15.954693400944869,-35.57693224548515
265,-10.048985301572898,-36.755459674166545
266,-3.58778674600022,-60.69586218802516
267,-20.618318782716223,-72.96265759931546
268,-3.5029372832186603,-44.02585399096723
269,-3.1262212764370876,-34.596046670200415
270,-31.73714929850427,-41.269554446305925
271,-2.6190786190722317,-39.09970667932521
272,-30.44726592865544,-53.51805949453325
273,-31.267955978713267,-47.974573181962256
274,-14.632738416743543,-44.72932318309088
275,2.1424586964030237,-47.57742385909901
276,-29.391667099296722,-45.280987919325156
277,-5.523999518373081,-36.698068454492734
278,-3.559158950699148,-48.32723675807263
279,-4.3475166433758865,-43.67284683399855
280,-30.90382477452761,-38.80567593187453
281,-2.9166640345277184,-61.02190656693875
282,-9.345742343762236,-44.95188853356722
283,-20.20385313702413,-72.95337422812749
284,-30.06194409209844,-47.23502800396574
285,-21.691975722543795,-52.95521372859665
286,-22.041208493978694,-47.542479843882724
287,-12.826493042222612,-61.81094242459032
288,-27.923530104882467,-49.287821823394246
289,-6.964545408176118,-43.44628929236601
290,-3.009510824686547,-46.90681828912905
291,-26.24852170581566,-62.70182618467989
292,-3.7707193072563285,-34.40415961093244
293,-22.826255736732815,-45.89948314930592
294,-4.89395007825904,-47.38398420425722
295,-20.769782383942292,-51.66790259114892
296,-32.384659082435675,-66.10898334519887
297,-9.209394180587982,-40.90597034854479
298,-23.631469709055715,-63.647109347523994
299,-31.15647657193619,-34.44038621294956
300,-14.892362455305244,-50.49591344571756
301,-28.757342866569406,-47.08292295336105
302,-27.436420415499633,-48.86384669888724
303,-32.49542209761048,-51.25621101531886
304,-3.845224867034684,-51.976516078651976
305,-15.273231972425357,-44.16447275064502
306,-33.98563821309169,-70.83725778043016
307,-32.39840030170858,-51.88775946154465
308,-27.78802434233785,-45.31827447475835
309,-8.705652925904854,-39.644545212579985
310,-23.547481389777445,-38.871229296274095
311,-16.305446565010712,-38.131416670079474
312,-6.971716313971784,-37.78730298764401
313,-17.737728739754058,-65.34232297109371
314,-10.44425009597245,-35.78654128332858
315,-5.933291328006323,-73.94165149850252
316,3.218647416412903,-56.38818628281111
317,5.37262137960356,-53.323256871733115
318,-25.54034932959928,-41.66695245085201
319,-30.78219559729828,-38.368209725130754
320,-9.474430810373647,-40.48026890743671
321,-8.583398225012699,-39.04585925788303
322,-16.139243884210313,-45.30481259399477
323,-18.569984489027384,-36.5199497792584
324,-7.495135631048618,-39.54450451662495
325,-16.364851428629397,-62.03070700424468
326,-18.447760275738602,-50.70117839051424
327,-18.35797909560617,-39.437970627128195
328,-32.7389425741995,-48.46503435641888
329,1.8021074027519468,-48.43000261109107
330,-0.10891920081366901,-49.42602489212227
331,-19.548363081643767,-46.11259642014394
332,-11.283666686405283,-70.69311993935939
333,-12.712614685886905,-40.23331006050714
334,-31.184211087221733,-47.83242072346564
335,-4.601224932782127,-57.04492141699476
336,-19.391007832303302,-39.52564733325471
337,-26.421141042936753,-36.02390143877181
338,-18.08487963759599,-39.03327795819375
339,-26.33522718054338,-43.215524102775035
340,-9.544664561931247,-57.91065611226292
341,-5.279271806394027,-52.59727998429322
342,-26.42396330401512,-34.46674169918919
343,-4.844903920685935,-41.62737134619365
344,-25.921230851378223,-41.16661442282226
345,-27.21813357015896,-40.96952676184595
346,3.054205576514553,-60.96603033222825
347,-22.782172944407755,-39.68639875092611
348,-22.878996049945613,-52.92087966091097
349,-22.49120689849925,-53.375985614548696
350,-13.322920040491432,-36.1039814106806
351,-13.586209580052186,-47.644824679866815
352,-3.6982658184063357,-34.76989024338321
353,-17.00604452565424,-72.92015707941738
354,-5.394978619301943,-42.027493831160946
355,-23.012497769308,-35.32957789984469
356,-2.0507706820447957,-42.59793483893916
357,1.4801083302252058,-46.87710874034765
358,0.6478784045535448,-59.663697624494
359,3.9977404208687943,-59.61243348833288
360,3.497257522913177,-55.6287556502692
361,-17.29210982108904,-48.03358382445503
362,-31.55573985211145,-40.97546091404588
363,-33.86816338424274,-53.4457278376091
364,-33.837758042428746,-48.53855404261367
365,-2.1511226960504892,-40.953700725876345
366,-9.725406403114931,-49.19112699652
367,-12.153686414995235,-58.827134896752995
368,-33.17854966817701,-41.934559945282956
369,-20.181442313287178,-70.82380342448504
370,-26.0440726441215,-45.90099571658843
371,-6.196612916785261,-42.218434006834386
372,-33.49350806552789,-43.55438246916029
373,-13.61935080058259,-37.87984656441522
374,-3.1274227313488776,-52.61592136136291
375,2.511191590576227,-53.43059369382081
376,-3.5473752591152747,-54.20798507916863
377,-27.874311592885064,-44.38656690654619
378,-7.80182693175898,-52.15514651208713
379,-8.532813603251,-40.196286955980796
380,1.0643407315339841,-51.11927082509313
381,-11.092392977772361,-41.3973781522806
382,-10.317131022545865,-36.17004049699133
383,-4.8539184832739934,-41.52855979974398
384,-29.995355180815235,-53.76779346249133
385,-24.426325353010633,-47.25081407843936
386,-29.85892208817193,-47.24612537448057
387,-22.78866322186635,-62.25792956259281
388,-3.873066396559342,-60.788256362594446
389,-29.309044335647695,-40.59849028025484
390,-9.04974881011709,-46.079409793783974
391,-20.54920078130747,-70.84871826226521
392,-10.698056863930894,-43.02901679196882
393,3.017205845914374,-51.506214656270856
394,-25.524325479858774,-37.337862424903676
395,-12.689138864392238,-52.234984625456896
396,-14.219076138643123,-34.50026866281184
397,-25.357320546543395,-68.03597023282298
398,-6.7282564287701625,-37.688502459323445
399,-11.072903892216285,-61.406833589813985
400,-9.265619859916688,-38.99104026983612
401,-22.525638185026416,-42.337822753413306
402,-15.537656266765403,-44.70325270758906
403,-23.326010776561507,-50.758769171763916
404,-11.887465378171044,-39.66244444460233
405,-15.653757132359825,-42.60945104470469
406,-5.738111873833974,-40.42688798256346
407,-21.29296633754177,-51.811766110487305
408,1.3777724830190579,-51.33135995024568
409,1.8005246332085099,-56.22060011511942
410,-2.384195178306788,-48.756715144439525
411,-2.3886264722813966,-43.65746229900495
412,-21.63657567717942,-52.867741353261835
413,-12.108587778409966,-62.48468206259748
414,-20.82379373652708,-46.68915633822847
415,5.41198018682444,-52.86320915687794
416,-25.462964444180127,-42.818886400506756
417,-9.145918234197776,-36.54127492221927
418,-32.57334061691863,-53.1023261674276
419,-17.655031917680148,-43.76959047921893
420,-16.344338978697987,-64.02733354808724
421,-11.556000582607453,-72.47235144620527
422,-3.067971428838142,-61.64393628582139
423,-8.35280002344665,-52.20022327510831
424,-8.594473516570137,-37.44082997244281
425,-12.140240457114505,-42.190187298388196
426,-2.975240473668258,-55.4621532967851
427,-7.312498146976716,-39.31939094691297
428,-14.871345307066138,-39.23075385954918
429,-28.452897350837482,-37.59932364786293
430,-1.1912191059617245,-45.7203168148127
431,-8.941183802127744,-40.67580062028486
432,-32.335165418013844,-42.59317642166294
433,0.7220062036399622,-57.082737850126584
434,-12.25175506395848,-35.94742422600419
435,-28.095798020543373,-61.45414796504907
436,-20.758875016215377,-39.29950486956722
437,-9.2158470949262,-42.150320310264
438,-30.221272736648384,-51.16302311611056
439,-14.990119568988906,-55.45638164704437
440,-32.04645642336229,-39.41262478754908
441,-32.00755456879017,-64.43977904866253
442,-28.743702942721768,-43.42390266205224
443,-0.3238625587406574,-59.26553537958587
444,-33.12323732864927,-42.90666995110896
445,-7.818150886345496,-68.97267639740464
446,-19.815518668720024,-43.105358143871136
447,-30.890114222001277,-66.01489869518424
448,-18.361752698181537,-38.51153841103713
449,-15.375743438471094,-48.670531032735276
450,-8.005927791461879,-58.1605272191899
451,-31.211833170952133,-47.05491634255188
452,-13.6819496010536,-49.62966498754892
453,-13.428523645941251,-38.21781601644594
454,-14.094976277262486,-60.235307764759305
455,-26.027042369489173,-45.302121116259
456,-24.29773022915019,-70.13317965051327
457,-8.448813741786651,-37.255029326114865
458,-33.35707784807048,-40.62788175885355
459,0.9023364106623495,-46.14089839783978
460,-12.98495416306357,-68.8667354098889
461,-3.828454199002847,-57.274646360768436
462,-0.9587184819437073,-56.266090930584625
463,-33.978114646314104,-47.94669054843688
464,-7.061496322194215,-44.05471361269595
465,-27.181535858718366,-37.61558682556742
466,-3.1862918868448666,-39.88395412511299
467,-19.338278418314466,-49.16941255815587
468,-17.267140808607373,-64.30872788816886
469,-18.96029031496877,-43.491350403994275
470,-24.443706928381935,-48.080773724385786
471,4.872109962861661,-47.05283634022062
472,-25.142206910709426,-49.24246393031743
473,-21.086808163019377,-71.05164539601063
474,-12.131180571099865,-67.80692278817894
475,-1.079685545678828,-45.61564629833444
476,-3.201881199189911,-43.569486267735584
477,-7.405819073014136,-70.57965064796917
478,-3.7824923642191646,-35.95133544186364
479,-22.23225637400094,-72.02793531603605
480,-5.658834408861063,-41.99348073978422
481,-11.720463336822126,-44.312453733230086
482,-23.1398920780136,-36.46861311874123
483,-19.73674810427987,-53.06792545705201
484,-4.106374929216555,-48.92732659472205
485,1.0903866279694414,-45.578965609265374
486,-15.94668712362337,-49.06997918276031
487,-33.75017343197851,-50.70126230132264
488,-2.480287265797278,-54.0903039642351
489,-27.739556864624667,-53.90174718767854
490,-26.857936170117533,-71.93712020278039
491,-8.142081640302202,-53.14346230043853
492,-30.345138331826597,-47.872311450251736
493,-2.3711702929944343,-48.39485250253669
494,-25.46460649143137,-51.25906843800874
495,-2.089869337654311,-47.60120646881854
496,-3.8797958091795155,-49.1584438714612
497,4.276200759976396,-45.54163296352384
498,-6.0441902322339285,-60.679672428586876
499,-5.800402655987604,-61.91791533268205
500,-12.853464870611873,-45.614495945643384
501,-2.952122595538942,-45.51042826184223
502,-27.101484152436136,-73.442891076378
503,-13.284456535066179,-41.42539019724488
504,-15.36607872168338,-47.6652501941811
505,2.942916915924041,-52.28042324098651
506,-25.30610045075133,-68.74336100675185
507,2.775840906613311,-51.887986732768404
508,-31.79122165346977,-38.07560854346008
509,-14.404307291322318,-57.10646492266958
510,-13.327640473830952,-47.224893848837084
511,3.864834712013362,-56.41053127476157
512,-16.058776499524782,-40.59759293157124
513,-33.51545550678118,-73.46819106449034
514,-6.29605946264426,-45.49072126960274
515,-9.2471251171322,-72.15487697706715
516,-30.744896707261333,-34.89708936368358
517,-4.428219255449976,-59.88790731449388
518,-23.754458684463856,-34.61509729567777
519,-11.434780287638025,-40.65690175436257
520,-2.892233270071031,-44.271620378646986
521,-7.948923018436474,-43.72426663767033
522,-4.724609355842101,-46.82563565271314
523,-7.845238635429087,-39.960876482934644
524,1.170406187986079,-59.54721689219142
525,-23.310592076039036,-49.919105833609194
526,-33.08969902895986,-51.29536665107631
527,-9.57337189283383,-35.887800396043104
528,-3.3415820070514393,-50.13718706659856
529,-16.295085449728003,-46.05248304930057
530,-29.78113574125206,-50.60036292434716
531,-6.923635754498216,-38.21782126085741
532,-11.294043356309889,-68.9887476740442
533,0.9928052708089323,-54.51805074687053
534,-9.894241665308495,-70.38117913348151
535,-11.584902387531056,-72.5456289251581
536,-3.154663715214385,-38.85075081331634
537,-2.262812208386581,-42.05089323542638
538,2.1081528319732525,-55.69179207945684
539,-14.645444287239652,-62.270193830542645
540,-30.156013784006657,-35.97596676942041
541,-9.227677966859368,-55.570903862007235
542,-11.066437562938798,-60.769031099103394
543,-10.17103605925086,-43.36873444387186
544,-11.642920587351329,-42.18333931492662
545,-22.91492562320283,-50.62758310638557
546,-4.199137375717324,-54.60937988037883
547,-10.30324182695719,-44.77121233795962
548,-26.45095189798631,-39.97723738802307
549,-2.279555995546092,-38.69183405745389
550,-32.56872493339943,-51.111692115771916
551,-28.828616044406314,-63.80231945264021
552,-14.402558244370486,-44.55204078180341
553,-21.475703793187215,-49.84784443932742
554,-1.021847012579156,-45.391681277407244
555,-14.396971192577405,-38.047629226973214
556,-7.833623127691677,-72.40529617724468
557,-12.148070098507723,-41.35828228713244
558,-17.871434620139734,-65.05764240247875
559,-11.04912053531963,-40.77362177429254
560,-2.2347003852264473,-49.30009275886103
561,-2.6389918329187125,-36.83167303749657
562,-22.9333372384781,-65.65909432855413
563,-11.194931467175557,-67.61781086577068
564,5.44492931267337,-47.39763856176298
565,-7.817741194376458,-57.68201874075514
566,-23.12409438536104,-37.03553965033247
567,-26.962388195558052,-73.7991984497203
568,-16.862784844957492,-53.746478909248665
569,-31.435823248049083,-45.915198023616
570,-32.29568771450951,-71.51079994239386
571,2.8111416950152144,-48.85980986111949
572,5.088768593968915,-48.8138915510246
573,-27.1538979300335,-49.99240110371837
574,-9.96156628091759,-67.43278030949887
575,-9.360287472549778,-60.33638791280334
576,-4.570488332048988,-40.9392686733429
577,-24.729695926203043,-49.27079086451619
578,-30.57553999221398,-41.778365905355805
579,-17.893680762503706,-39.2295159876956
580,-14.484125807926787,-39.59738827399394
581,-23.89881938674887,-62.0387973729342
582,-3.734676682382357,-38.57723629644105
583,-17.773151065729163,-40.70250820832188
584,-6.034403588329152,-43.92238796231459
585,-9.040290354877865,-52.3648868079584
586,-18.923486474902994,-53.44669021082322
587,-17.634030863400387,-53.41378477237409
588,-23.244436107956275,-40.29798450652949
589,-30.36238854943902,-35.541755585126126
590,-23.541085049227142,-50.64733553838386
591,-21.608837340970968,-45.4715908891009
592,2.9773989729739077,-47.380120381306725
593,-22.509472329909556,-35.353704708015414
594,-7.8277441522212285,-46.14738488293565
595,-12.537622636294703,-69.17099199312248
596,-7.0052932449977,-57.91366418839124
597,-25.791322610960222,-53.39661948459096
598,-5.029558289286378,-44.17352396576602
599,-33.156446869946265,-68.7298253510618
600,-5.246463029701593,-44.753545306147004
601,3.8311632567491856,-52.67351828263154
602,-10.574978217828908,-36.37418667752691
603,-7.913380098966774,-36.6813487601731
604,-17.485144342167775,-35.461659006716985
605,-26.79580615617661,-43.92079119892122
606,0.6898165814874702,-49.578054309402475
607,-24.297836797643427,-49.893992082995794
608,-28.255277507123004,-39.67994779639754
609,-4.713674524931172,-39.55402582939986
610,-10.636440716250084,-55.368552205757204
611,-16.11588224774043,-46.044266172110675
612,-25.486791402001167,-53.17913987753856
613,-9.022793792093244,-35.246100506839056
614,-27.913451601770014,-35.174499062077714
615,-10.543872181528473,-42.612221297338245
616,-6.94750037260642,-41.12605045889703
617,0.21709580640623827,-60.6962924805321
618,-14.194228073569825,-35.01092347435977
619,-28.078984140212604,-38.200000084802255
620,-8.982708623385012,-44.578667384617894
621,3.620835488536212,-55.15738426831348
622,-2.266572562777318,-61.66346401657496
623,-19.47440297320616,-68.92935138525183
624,-20.272117543135728,-44.58849379673399
625,-20.34041274563802,-43.464090178471515
626,-27.52401010824918,-44.34086307735383
627,-0.4097642509141526,-53.44091883514119
628,-26.567622600278984,-51.60387811347474
629,-2.5071559730481656,-44.53932604956275
630,-12.896353716757218,-63.973446544484204
631,-33.68020791506804,-46.28904124296691
632,-0.6962633547296395,-57.185782620849324
633,-9.113782050620543,-37.79533184414343
634,-29.816530557772985,-35.55158176664682
635,-8.670067386348407,-63.58467071597376
636,-6.471281448224634,-51.67487648163653
637,-9.839669436629164,-39.462646564186244
638,-28.931575063975124,-66.2113102239099
639,-4.857138247061107,-49.68924643157524
640,3.9290375647920044,-46.59450414012465
641,-29.951413687424527,-41.95494753144572
642,-32.66921176298395,-39.67268646892214
643,-15.426713896105397,-51.003549825757574
644,-22.273900495024904,-35.55403376209153
645,-21.622233060304005,-45.05233779251331
646,4.234251461703508,-55.42526171067651
647,-2.0994054738877956,-58.56672534115595
648,2.8870137851814803,-55.70823203520369
649,-7.07589195100618,-44.127365368325314
650,-6.835100547112406,-44.63956819907679
651,-31.141410134418653,-46.585293866103825
652,-16.53293551399283,-45.17143723096532
653,-7.368259107782296,-35.167813653359914
654,-4.542390754315685,-34.85162494025258
655,5.176275149240933,-45.08762827296154
656,-13.087141793456938,-40.780698471285426
657,-30.182756861604407,-38.80167990829334
658,-13.472077184270649,-47.28954956443545
659,-25.749693777558445,-46.355976226058644
660,-30.496114417887494,-40.69063456401594
661,-4.574880695528849,-34.51337651276795
662,-12.03796275367095,-49.64790768871763
663,-10.385304119356109,-45.33414799888098
664,-12.389426902766786,-35.49415725521312
665,0.800940015878818,-49.734079121344536
666,4.0766559025596365,-50.356737749592305
667,-7.350580472722355,-55.63644083064172
668,-26.364193541898825,-48.61641509437678
669,-9.797116384036233,-50.77801971924403
670,-0.921380976688476,-48.80635535185914
671,-6.604552225021287,-66.04521594788831
672,-8.971501789754356,-54.28208649841351
673,-28.21597502745564,-50.34010720774707
674,-11.23126152468481,-57.76372568909053
675,-24.866240014611986,-70.1939447734883
676,-2.8678620966390955,-38.647932371838024
677,-15.298169356724724,-46.93496602768949
678,-27.569743655993314,-51.29327445967459
679,-5.993483561724444,-41.68264657568028
680,-10.303632720739479,-43.34844020437418
681,-18.412835321810288,-37.22190442503498
682,5.32058465441208,-46.957850853611085
683,-13.206841281413121,-38.51155672072126
684,-9.115432803358434,-44.162978070227666
685,-11.534559013007227,-42.43740078567738
686,-8.821061347579064,-37.654917959985426
687,4.1932921317043,-59.8053827303562
688,-14.840257289514279,-38.9444593441318
689,1.0763540173020028,-53.57843103702599
690,-27.37410250715184,-68.33132890129022
691,-21.484523286355675,-34.05229760389386
692,-4.903760956577186,-49.50101797183537
693,-15.142370819884757,-49.37657098735175
694,-3.7125461888595215,-48.954521123039214
695,-33.46723401515128,-63.1271932314837
696,-19.579662397623665,-42.97068440873835
697,-21.073636885368387,-46.23823165657615
698,-20.43032236561352,-49.073351352400415
699,-2.577976778057702,-55.61168762153819
700,-24.86647608580918,-49.06521875320362
701,-10.052841912922801,-52.64792758573459
702,-33.28568624152241,-51.18092687568183
703,-4.782870583870853,-47.804527992710355
704,-4.263726674091711,-51.873483632419415
705,-5.177104052520658,-48.69671210251944
706,4.093211821172526,-50.97031174884094
707,-20.407215103236197,-70.55423990681999
708,-3.0952483692061854,-41.041008550047195
709,2.3871985221875898,-59.009448191809796
710,-16.502011175436383,-44.27430387698524
711,-5.858006376348767,-59.14579496324735
712,-5.158309291667891,-40.409959412484696
713,-22.360625196210016,-48.40839061464516
714,-8.156966228123053,-40.01924801525191
715,-9.608269652091227,-36.28452137988042
716,-31.423978934700276,-44.92894898146259
717,-25.186382192552788,-35.922976876123926
718,5.05416015893694,-60.037200626058315
719,-25.777827529544957,-51.84505769746371
720,-4.050241205535588,-43.45831251115285
721,-16.025697254055082,-51.361585914805964
722,3.411087636710631,-51.64659581682905
723,-26.647598973402527,-45.623317569352906
724,-4.085616151238286,-50.68827496767118
725,-20.06536743851004,-62.008108517486846
726,-26.68606783686252,-48.320346368864485
727,-28.08757124011226,-53.6082129514949
728,-14.670841201941643,-42.59924697270723
729,-1.6492140954503807,-57.307862572204904
730,-1.4833882745297355,-60.60758902164472
731,-24.469505843031058,-53.24976144484716
732,-13.440651752717963,-40.40978828388151
733,-31.297559421071764,-41.16016353131897
734,-9.739265054826625,-67.44054725616645
735,-4.8992276434000726,-55.88244579879518
736,-15.370737039326418,-46.4373147888208
737,5.308586321659586,-56.69675074861275
738,-2.7977978228891605,-34.22387759402622
739,-15.637169192435262,-63.9674648368951
740,-22.117727063194245,-65.75153691829257
741,0.06332381071570747,-49.42659788041324
742,-2.008588647820545,-50.42773815889806
743,-32.61995852257419,-47.40001216464407
744,-21.41161014211361,-42.93431462450308
745,-7.205261006447683,-50.31904337678529
746,2.7275437263721543,-55.009316153432614
747,-2.620589226574772,-57.564772476934195
748,-30.701232601326524,-37.1276675397173
749,-21.281538424873574,-41.720820452517835
750,-25.741789957417048,-49.032980721069784
751,-3.1960106299797264,-59.73799404130363
752,-11.81948434145167,-58.25743949189273
753,-10.953705755785357,-39.08407713313508
754,-29.332173983700574,-47.7065303875088
755,-9.67651075686883,-51.25843363806863
756,0.049990034389744586,-55.678903225581806
757,-3.689398917498133,-60.79907477989017
758,-6.56153932295156,-42.83577181711591
759,-2.698551822923143,-51.64282684390643
760,-20.088916087426888,-47.64787686226924
761,-26.94660880941887,-36.63124402541578
762,-3.0222335237247737,-44.49063241858943
763,-28.540387049260453,-41.65967285675565
764,1.358219687029261,-48.14701795898087
765,-31.15945373769886,-38.0861725322204
766,-4.381103140247417,-45.70740862721343
767,-4.433873196298793,-50.14557981823956
768,-27.128204260426703,-73.98274447060888
769,-33.10142335411794,-52.64193260106102
770,-12.139662422894672,-50.446408590381324
771,-10.70688607174354,-41.85341686442451
772,-32.142039140333985,-69.82000113383906
773,-3.4975132057329703,-44.10660802792303
774,-9.982217807312992,-41.791166106673074
775,-4.82162211699327,-44.06219415053168
776,-7.426162814574645,-43.987901094519636
777,-13.986677868240665,-44.47014455198568
778,-31.354279701344566,-51.89604687704833
779,-2.391299871846412,-48.53509947238274
780,1.5613495261146726,-47.68254875181392
781,0.8441296096152326,-47.865370405279236
782,-24.665489925068847,-45.12275286730107
783,-14.635889491637862,-40.28003053027784
784,2.9482097703175993,-54.676517304546664
785,4.698958595953872,-45.47004858615907
786,-3.380670741866608,-49.29612833719623
787,-12.335019656215703,-62.33343227875102
788,-14.663009341100997,-43.578577193486595
789,-19.918483806398186,-70.69336123701633
790,-14.737947035859522,-55.944223406802585
791,-7.055541781982116,-39.62699305481073
792,-18.96929545876838,-65.5789009931081
793,4.9496919572742595,-46.849562841235525
794,-3.282492490676442,-49.47331542108764
795,-9.981985629993448,-38.889864178502904
796,0.22894229846331182,-55.47450828526071
797,-30.714879904052722,-70.31436445996496
798,-4.324787848986805,-35.70129799990306
799,1.306424941600703,-51.54436436650323
800,-18.397660960767027,-35.790330160051965
801,-0.21361191416301217,-57.085941838161716
802,-19.492289343349803,-53.09140633829337
803,-26.13091805638954,-53.4425643339559
804,3.8063215653698332,-48.59744144001586
805,-30.855778547629782,-51.827483549478885
806,-3.9179231226552518,-48.36810698714554
807,-2.3006750951273727,-38.72674048971574
808,-19.705056898854686,-71.51977492156158
809,-21.501358904403993,-35.85882739121141
810,-8.353362071293638,-64.44026524941712
811,-5.998615418945928,-65.74532503421648
812,-9.590278575144225,-47.039013756293194
813,-19.93126169929092,-35.40954445963746
814,-2.4920593205809674,-42.950869180297104
815,-4.071264846267411,-47.547683201477845
816,-23.127233762275303,-35.994273614512096
817,-29.303006038466567,-69.83497632467794
818,-24.38156214740052,-41.693238866297676
819,-3.0001866975769467,-56.421137918386314
820,-27.279602679297412,-69.22683369461024
821,-8.082011981862802,-45.96444939818014
822,-6.3558962754797115,-38.74070633149134
823,-20.477608363435415,-41.3582808639143
824,-10.469439409238875,-53.155170753408726
825,-19.86933892387786,-34.34480984440257
826,3.206946014218911,-60.18381514995422
827,0.40690789024300855,-50.58392008204156
828,-33.140305409883865,-46.821096892676806
829,-3.812026150249883,-48.85112731762587
830,-9.589736896267533,-53.84659461296599
831,-17.267900140581805,-46.9908205953573
832,-30.322864895599995,-34.58350629326341
833,-12.403704336000656,-54.10178753083753
834,-27.732454274016014,-72.50978474316348
835,-10.872784228185417,-36.12196339736373
836,-25.045368936773528,-70.56333377824545
837,3.407691106579051,-50.68892223470269
838,-3.6935268443811413,-49.28484409121315
839,-14.428561522094252,-34.26044425653315
840,-24.590874835002822,-41.85877206674709
841,-9.214718549802942,-59.004414164580155
842,-27.669317462911156,-40.44820543893551
843,-24.466775648401015,-43.331326119361634
844,-2.011299834312572,-59.13998275908843
845,-29.64289941771907,-34.50876423883939
846,-27.695369589016885,-44.99458233400098
847,-32.31291700716002,-42.71047512862933
848,-30.604615208803324,-44.76400073609612
849,-5.901820929249162,-54.65888709366152
850,-15.470725533051748,-63.66648774487753
851,-13.368083008880216,-52.12703906557073
852,-6.9163660292125595,-40.82240459618764
853,-27.80940063670578,-41.32976060055469
854,-1.8245927269321265,-48.45421209297119
855,-14.637155072098583,-53.014580907300285
856,-6.568007462512391,-55.47529236301651
857,-13.194803235813916,-41.999839311268325
858,-0.5525652270352168,-45.78093923409523
859,-5.434043553934941,-38.40086875421589
860,-30.731177253360574,-52.079085137677126
861,-18.18195494981517,-36.33770951695667
862,-11.753479232913195,-53.71891242695056
863,-29.88077213513504,-48.55099216244226
864,-24.77965827689315,-38.692164244284
865,-6.212087129945855,-44.733294836693965
866,-10.267578311221607,-35.59745250394589
867,4.7146960875569235,-46.13071061831194
868,4.728348650418898,-44.97049142484133
869,-30.601482036944116,-35.686442865670124
870,-18.407295403235075,-49.56710410938563
871,-13.067794892171197,-44.69653615972035
872,-2.613686821396957,-47.572750684283704
873,-12.857176653720707,-62.47050795078973
874,-9.587895424612682,-70.2871047429095
875,-23.067547057423326,-45.056491665836475
876,-5.8434655314320665,-67.7000838046473
877,-29.238634597393144,-43.94276968252635
878,-21.410648972585157,-40.53113397762483
879,-12.848814275546223,-48.10581265930436
880,5.232426929941692,-56.36864394207858
881,-19.648189551210624,-62.47684025906296
882,0.4028029455438151,-48.63817845504619
883,-8.79819005438689,-42.27611828437136
884,-13.205188150981611,-43.19264955212242
885,-5.155864772818861,-37.740430042911505
886,-18.407988072437256,-43.34962774013261
887,-16.948369597319758,-51.965392927515495
888,-2.85954661790133,-38.921263648497046
889,-19.350369212588355,-35.073625022056646
890,-32.92154119429796,-42.05380176346051
891,-3.9759671220154225,-36.471342974111955
892,-13.669755675006067,-46.78473740755851
893,-2.732565784098803,-41.64283272441252
894,-7.8332824456884484,-37.014438699817546
895,-20.278812099830894,-50.399424313340766
896,-4.383822627247016,-44.5892960719755
897,-33.44216268243185,-38.7995051380746
898,-3.425725910572,-40.67870412960425
899,-2.4782493325843307,-47.732179847136166
900,-4.156722534191278,-56.4171334695864
901,-23.160981965467784,-35.49990612582048
902,-27.274651224225554,-47.88849442109584
903,1.450101452074665,-56.90874510741709
904,-14.461541209316753,-40.22962929736273
905,-13.73183352555512,-60.08928733870813
906,-16.169162742398907,-45.178176915517525
907,-5.182396324493041,-68.11273501727374
908,-2.5408257913980448,-50.81010414866834
909,-24.67390234044431,-71.41436600857189
910,2.604560106838054,-60.32179307514984
911,-30.583958654973962,-40.28278412770875
912,-32.888343144939746,-53.826367249368296
913,-17.58890921282585,-52.55906099566551
914,-32.477153906322705,-53.19659540801845
915,-32.70868358211831,-36.18248317201224
916,-9.940836035450504,-37.1162083964533
917,-31.36291678856345,-44.0118748193022
918,-18.00175398219703,-35.286151781775104
919,-25.229472826594105,-68.08364576847009
920,-9.079444703632447,-61.932403163020695
921,5.027764800564528,-54.17618693237243
922,-4.678314489366395,-41.5904227682663
923,-7.037035724482734,-61.62008517342292
924,-6.597035803427879,-58.673545987144266
925,-33.14421861318242,-35.333055872880564
926,-2.7524384700005466,-52.979389812990334
927,0.25146656915372567,-45.20339053633788
928,-10.270761991552902,-48.42463353922948
929,-4.794378186183732,-51.90214861423645
930,-13.738880749476099,-40.752312123904645
931,-3.3175354212935453,-55.940918618869695
932,-7.959150167263198,-58.34309422713203
933,4.864294111967535,-53.40991612960063
934,-1.4820163780552251,-52.179835323915896
935,-21.49955068262279,-48.250576998994774
936,-29.33225447744833,-38.84568504514564
937,-16.780897958069986,-34.34526039051044
938,-12.8133484779417,-40.269993520103554
939,-10.069406911428768,-42.828669924084764
940,0.5336131595781488,-55.12967923640343
941,-10.377446137167047,-44.193585728148406
942,-2.321550895943115,-44.06621351757457
943,-14.047664043753718,-36.53977737443048
944,-13.73563842124243,-41.10062020722714
945,-2.9018449527132137,-53.62671057656736
946,-32.86478258106603,-39.91218805591106
947,-17.735241633533377,-39.08278819780685
948,-22.40770883507202,-50.553102596538025
949,-20.575534152760685,-61.33537967978397
950,-6.05555795596832,-58.97278090583493
951,-15.428709926976257,-45.52785862317159
952,-7.056863936923673,-62.30191743762713
953,-20.768032782107507,-62.73488035661384
954,-3.9400617151082162,-43.09833659148348
955,-20.343917016576782,-53.76900860981954
956,-9.486249672371358,-44.57754204492535
957,-5.764445078125565,-37.88077160886508
958,-31.23924343962389,-51.40224983927335
959,-11.264967780574992,-71.55914624451539
960,-24.07049698858189,-53.631372267045315
961,5.1238007308775835,-48.75560843460176
962,-18.78228709798993,-46.32633000473525
963,-0.7362323029974025,-56.55262629030406
964,-4.295128467315301,-39.602749316790366
965,-16.099667789432317,-40.780707506645065
966,-3.2468171715008527,-39.127940821074255
967,-14.513504528508395,-39.330559242709676
968,-25.50731827025316,-65.25941271945797
969,-7.69975516660044,-44.50543710625064
970,-13.958674944633147,-52.72633298723042
971,-19.878934842488253,-39.380754239279355
972,-21.64416596946979,-51.407950151394864
973,-12.256920314678208,-50.11698634024431
974,-7.642185060432053,-43.690113867141356
975,-18.08572317745159,-37.60887181379283
976,-10.572569839252697,-43.42013552893486
977,-7.694059957191711,-51.62033035519818
978,3.368414400578885,-60.22994023799394
979,-2.9669585005715984,-39.31674775954765
980,2.672992921159768,-60.16829151298516
981,-14.438715754499924,-45.52016787853654
982,3.290430215060244,-56.26673976280695
983,-24.66011740451831,-48.00581056696536
984,-9.622392518603338,-40.219319158592675
985,-2.398865277801942,-57.84725540973885
986,-10.110777925445738,-38.6054995064629
987,-1.5948587367302003,-60.56091262120944
988,-21.902045089090215,-67.81790318606966
989,-18.649060025246367,-36.64233881458904
990,-27.315529530068318,-69.40227482195732
991,-21.42917175694604,-63.73946548522159
992,-20.772343766099077,-37.271116376371424
993,0.698453451135097,-53.468826630106726
994,-6.743307603791532,-34.521430383602365
995,-14.886365190046265,-39.64380523980432
996,-12.495302161972454,-41.554694429753035
997,-33.68264544944925,-40.89499449600934
998,-3.0566508062771547,-61.998489454203934
999,-24.97215007075748,-37.85115943131413
1000,-3.1866726086556056,-58.0163118904812
1001,1.750517033732148,-44.6984434884896
1002,4.572802411035784,-52.921946090038716
1003,-18.205889568373898,-51.90862775250843
1004,-32.7827499737372,-51.49310214723803
1005,-31.985109856949585,-62.84011791987619
1006,-3.500227536347566,-41.50946778078945
1007,-13.882507609914544,-42.57071918412885
1008,-14.072337124729078,-68.50707080898536
1009,-11.016911209528004,-45.26866326826229
1010,-33.89844588948159,-39.24441038829261
1011,-15.184080339024423,-43.44730751642772
1012,-10.562732855318082,-61.5861314663628
1013,-21.171990134685394,-39.142801586611654
1014,-4.557883576375264,-61.482936798776265
1015,-28.967336047042757,-45.80744442700788
1016,-8.18627466190799,-41.20423392250099
1017,3.798644501435989,-60.9038902391796
1018,-25.834380174724746,-70.55689327781786
1019,-24.865410644803575,-45.267422862294836
1020,-7.15895106205436,-73.59993744913461
1021,-7.300940278390278,-61.44559714999281
1022,-20.803255782090094,-49.05647716721751
1023,-17.80675279374544,-46.54287661397436
1024,-19.213387364625753,-68.1619062103514
1025,-9.014065240006556,-40.55536093315131
1026,-26.55312676269341,-49.9428591627673
1027,-25.59458109767065,-38.360394759812735
1028,-3.7965816389658364,-47.86327048273117
1029,-16.59467406016147,-38.955250190574205
1030,-27.950050753903447,-44.77615320979414
1031,-14.500492984242204,-58.85969270464221
1032,-3.2201385704508017,-52.000490199150136
1033,-24.71312298182989,-51.47726492359044
1034,-18.48309446597727,-46.30492048291391
1035,0.36165425804249374,-60.61642617078341
1036,-31.24593312451264,-38.54426250098737
1037,-10.518457224519796,-73.89663530630628
1038,-26.41710277049383,-69.15062047153879
1039,-27.883558423815778,-49.51402771890973
1040,-6.304348721844866,-40.54499018568175
1041,-18.27211101062221,-53.1721812184286
1042,-27.145703096992108,-45.28855944723898
1043,-21.612529755414272,-42.221696296399074
1044,-28.245531098083003,-45.98162439417079
1045,-17.62997515792268,-37.32344263252219
1046,-32.47448242621378,-50.44466548342341
1047,-20.160341345261934,-47.89141647971863
1048,-28.051586163705643,-53.07165098913262
1049,-32.55980956711466,-39.453001355216465
1050,-2.134957822046191,-60.69024163891994
1051,-15.31480270279362,-36.00691910318444
1052,-14.68376939377185,-46.1378951051694
1053,-13.022039109684501,-37.00881523075019
1054,-3.369537782984582,-57.619071565093655
1055,1.4974871840475714,-50.5070560662825
1056,-2.2581007305361904,-40.794879637494205
1057,-33.79492348629459,-42.11025460093215
1058,-28.02838309291183,-35.98808749208122
1059,-3.850595987916541,-60.07512481014769
1060,-32.66367384336106,-45.14130094165117
1061,-2.094860313220554,-39.792998454777646
1062,-32.076155270936724,-34.70322275912534
1063,-23.801435108327766,-40.861670202604614
1064,-32.813026003449004,-53.12814211911565
1065,-25.060167244140253,-64.42850872357135
1066,-2.0054618182375297,-42.38209254018924
1067,-33.69176563343657,-64.27976353591328
1068,-6.793637474054785,-37.95772540071545
1069,-5.016011213417707,-51.090575318090785
1070,-1.9324198976110738,-60.85946372149943
1071,-8.131235307473846,-50.25043531004928
1072,-8.93252973973821,-39.004049094786495
1073,-5.274599997131762,-45.32356682128907
1074,-6.008807248028212,-64.88628027218384
1075,-28.666964098592942,-39.106807453829816
1076,-9.250369011534357,-53.09293772211465
1077,-9.207321274522554,-38.74370170856981
1078,0.4441332008496328,-57.05734158795085
1079,-33.70705757965848,-46.127271136361315
1080,-32.99781266782673,-43.83189010187021
1081,-3.607202312187245,-47.60257087109562
1082,-3.6816278973922305,-50.95473747228715
1083,-16.78851867368066,-37.548403910324154
1084,-26.7426143576384,-42.44312775687807
1085,-3.652930193376301,-34.930671741944224
1086,-30.051741731636362,-67.78236622317102
1087,-32.513598754186056,-38.05634138414152
1088,-13.570861752065063,-52.551112095568186
1089,-25.4450499172553,-41.3799126352791
1090,-26.362744496971857,-50.90914383900783
1091,-2.5623292679087886,-55.87420043335934
1092,-30.20904954203177,-36.547602303590146
1093,-5.126849390339686,-59.28595138246611
1094,-4.225033877148999,-42.429967200348145
1095,-13.64970413291525,-68.22365345975899
1096,-5.585468316320259,-52.81488224527311
1097,-7.849954632196702,-43.96721276652205
1098,-11.756304296474413,-40.76059173448364
1099,-3.242487811199064,-52.48305363062179
1100,-9.570170150382406,-44.18332871706887
1101,-6.209320792872266,-58.79250608736776
1102,-20.958515751088484,-39.26151378167535
1103,-23.57647657669895,-43.1824022494992
1104,-30.807233176482647,-43.395882125296865
1105,-23.08478831433719,-61.145269287140614
1106,-21.505086640185013,-39.549524984068476
1107,4.726338936894598,-51.29317481609502
1108,-24.392209500760664,-48.18338030979355
1109,-0.9427780024198071,-57.730991353407525
1110,-2.6033951736591145,-44.45442005121413
1111,-22.297308503564558,-42.9985174420949
1112,-4.530207324251329,-45.24177899450487
1113,-18.6921258637698,-38.152895377262105
1114,-26.075879111175695,-48.967865026310946
1115,-0.5882283687349599,-53.46204166584483
1116,0.7235727895321302,-52.4526088739674
1117,-14.520312697021646,-54.269318142673725
1118,2.150294297030878,-48.99523530023596
1119,-17.847989169452372,-48.6787908040497
1120,1.7074911445974976,-45.10601867366735
1121,1.1267206510717989,-60.29356699240081
1122,-1.284488601278491,-57.3690963647643
1123,-15.30062013940244,-50.20997768834166
1124,5.132393975410233,-60.548065239936655
1125,-26.883917408537954,-67.40364647135183
1126,-8.042712018587066,-42.12536839137945
1127,-9.366768490423599,-42.99170276263518
1128,1.5455595630992107,-45.15948438044382
1129,-3.3327326256751437,-44.80305436229403
1130,-2.757827276124866,-38.2977739475553
1131,-16.50629716526169,-37.30280405994794
1132,-1.329421985454072,-50.62089254253996
1133,-13.409430080927788,-37.17315665733558
1134,-31.21145448782608,-41.46416662316792
1135,-16.269370280912444,-67.11651946568283
1136,-4.306252076194546,-38.68876582176596
1137,-3.3284294272342905,-43.90446627214884
1138,-13.015238141040479,-40.244138640741426
1139,-29.380220362543312,-53.70615249168586
1140,-31.011634583950013,-34.47559545343371
1141,-13.55215460010043,-56.30906477080552
1142,0.9969015420565643,-53.41524526762094
1143,1.7023109119565394,-52.04837081876504
1144,-28.068474334102838,-52.139341787892405
1145,-5.346464658226921,-71.60578695669238
1146,-28.537204753261275,-34.60598253586027
1147,-15.369032543813038,-34.91101243217416
1148,-20.881270504098044,-42.311177923419116
1149,-33.43530806211477,-49.988323134635344
1150,-3.370627337547995,-47.58208917464299
1151,-33.43400435017439,-38.14636316427967
1152,-4.252730625676776,-53.70718541039965
1153,-2.9044335970204784,-48.448730436956836
1154,-17.147929073866838,-53.151333667621344
1155,-7.017888434559757,-56.26314841384429
1156,-0.17619435142121542,-45.0922024511718
1157,-28.215753487606854,-49.65691679347082
1158,-15.604102777110967,-38.29228371289755
1159,-8.839355061244412,-61.4087529135222
1160,-5.856409087732375,-35.67886042370208
1161,-8.39121743361261,-71.2854403035234
1162,-12.113956708145547,-72.32595295340053
1163,-32.04905229137665,-53.69941861705992
1164,-33.52780128331413,-42.38496344651148
1165,-13.431428273974982,-45.19891861631055
1166,-5.0527571884693305,-46.326159806200906
1167,-3.695524706442889,-45.60513674370783
1168,-6.11170259307713,-37.47270210998892
1169,-16.34033754851906,-35.46639436472348
1170,-9.048477115133913,-64.07559558786755
1171,-21.055933358747318,-61.61003615530742
1172,-3.610465362493291,-57.57969784878133
1173,-3.640135883399557,-53.660511829909744
1174,-4.667567174216746,-35.562747285363514
1175,-7.748870089484232,-37.22747877200843
1176,-7.567236121651048,-50.74294036214154
1177,-25.54480638846759,-61.014880126240755
1178,-29.614703469770017,-41.677128127633765
1179,-28.434121462755698,-37.48248379881518
1180,-6.829022452200078,-34.19967961415436
1181,-6.99942761102424,-42.569365527357085
1182,-1.592501635127054,-60.234162209799834
1183,-14.288804082458881,-73.39922920924307
1184,-5.307653018714497,-64.37751300331757
1185,-14.372203526207485,-45.91702657019512
1186,-27.43681259473346,-42.81774180596322
1187,-6.115291593450788,-41.51518779052601
1188,-18.710040425894675,-64.69893030623686
1189,-8.605428048441834,-73.44069823706505
1190,-31.888808883641126,-46.32214731379553
1191,-26.1895133246673,-53.00639962932012
1192,-29.778163500307446,-43.74355121495493
1193,-10.44054743489888,-38.379029488809316
1194,-30.24665579533958,-34.942203776311835
1195,-26.56465536327489,-67.97973218295527
1196,3.706931988732565,-49.5228456654235
1197,-3.7338884636353686,-57.02723382242601
1198,-32.0077514155821,-47.465539971408795
1199,-26.487209423463938,-39.44920466938769
1200,-9.903489504537228,-48.61771527537318
1201,-0.6072822890185723,-53.68967467336435
1202,-16.88916041676085,-35.55264040682103
1203,-12.295409447914182,-40.15457478984496
1204,-25.68039643873818,-52.551866186345634
1205,-20.227498190811303,-53.31505745677027
1206,-22.90890087924128,-43.50529030505815
1207,-12.231067731115983,-39.60083073998079
1208,-3.39794378187036,-38.89026449287837
1209,-26.632499173419077,-42.50246550828001
1210,-1.6940946517946855,-54.72673381090477
1211,5.0011357004456105,-52.7162430883185
1212,4.609515432770081,-60.86137398798631
1213,-11.50227178772808,-61.14674800083309
1214,-3.722911387553836,-41.30140191388648
1215,-14.142317698771757,-38.52677498514338
1216,-18.18112177961906,-46.360235216242714
1217,-2.6177793460574152,-46.648804943391085
1218,-23.500463857134157,-34.92571784263866
1219,-14.87779225710342,-44.261824483106004
1220,-9.343705675431682,-51.23285827452378
1221,-12.605582907268008,-65.22449260976066
1222,-23.11356855216789,-39.82584821131004
1223,-11.91912557121941,-42.58965341174465
1224,-18.871676790136952,-49.76603515263447
1225,-4.0620105022070305,-42.31217947550967
1226,-10.36394187263937,-40.476936715938784
1227,-8.569799853253347,-41.802319106806294
1228,5.315657231022129,-45.56156660874666
1229,-17.68236577749191,-43.07885322522495
1230,-13.720678030397057,-65.69289603103358
1231,-5.788613726498335,-45.983466727843464
1232,3.2338281713808463,-56.123578229969276
1233,-19.39397186651569,-44.86494135548341
1234,-17.65029501142537,-36.67010337534573
1235,-11.73931583549659,-47.5761898145453
1236,-20.035945804153002,-40.55888893976871
1237,-22.84319837071926,-67.32575398645008
1238,2.6652873004550086,-45.342903712481224
1239,-17.591392227649887,-45.31200543167694
1240,-5.598269938320927,-54.34051856926422
1241,4.587161584301533,-54.130293819073145
1242,-25.107368989777356,-42.668003866265906
1243,4.478776622425405,-50.96539145828488
1244,-7.526313636302282,-50.02944820399253
1245,-10.155919456741366,-50.218061470426036
1246,-21.75344919553632,-45.56490053878431
1247,-23.476220599687814,-53.15901790397741
1248,-8.265856844894369,-40.1061946159317
1249,4.84023518481977,-51.06992094090002
1250,-13.226219747004652,-73.11478993545718
1251,-32.00547663657324,-38.73211944557062
1252,-18.057009634134765,-51.82221521148804
1253,-4.525667757764399,-52.43905611535297
1254,-5.06394678918919,-55.214359898606894
1255,-12.39967935405707,-44.68944086398264
1256,-28.61192977797716,-44.52419496647438
1257,-26.91619246772908,-34.47842015449904
1258,-10.738838877749892,-60.31487566102909
1259,-33.69753756425193,-42.423528489792346
1260,-21.89233857141504,-46.16355910707896
1261,-4.757871112585288,-39.63151655446997
1262,3.8506353785076683,-59.02085641977234
1263,-10.540865696002442,-36.33820602374188
1264,-20.314928223998137,-40.435596677440685
1265,-28.580274657723407,-50.35588322361327
1266,-22.28915659261561,-42.29250941718723
1267,-28.639127825241616,-45.65281709029827
1268,-13.35092003903474,-40.88493084887078
1269,2.5817904423834985,-47.21284446944477
1270,-21.46755142096126,-47.404150499352994
1271,-32.25482376334369,-69.27457792597984
1272,0.7576289396277751,-49.98816330379316
1273,-8.62341158908291,-40.9915125879512
1274,-25.850325130656636,-37.19937804298251
1275,-24.62076472374782,-48.83027215939343
1276,-20.072932535153463,-68.57767070973304
1277,-24.6579481446171,-34.09189721582253
1278,-30.326669359608875,-36.0951238059043
1279,-24.980229458298805,-71.85161657881876
1280,-5.021332635217114,-71.15200522355312
1281,-9.176324495169798,-44.672941734119675
1282,-7.303474018428698,-69.88678959405308
1283,-12.839766236283257,-41.028888002949294
1284,-18.196689751390924,-49.79818100836598
1285,-3.255127946412154,-44.20167365502264
1286,-28.36656582315561,-35.069794498628134
1287,-30.907080005677855,-62.67037393488963
1288,-15.911782524273299,-49.993994884455944
1289,-13.92665739135919,-52.45443398244491
1290,-4.105256281871463,-52.797515953558445
1291,-18.301053106123405,-45.47763528805671
1292,-18.56753529365391,-40.30640034616776
1293,-31.262574694839753,-47.79970832558756
1294,-26.062306451171786,-53.481479865990686
1295,-14.959246754025617,-42.68098621463756
1296,-4.454649065670735,-44.80461458110271
1297,-17.904133989733104,-43.64720989955048
1298,5.2562354954555275,-55.1233073310988
1299,-1.177179602849638,-50.33090689132787
1300,-33.02499963427954,-46.44720281734143
1301,-33.89760044334818,-50.40803506720688
1302,-14.310739259489957,-62.618385838846855
1303,-11.354758764827908,-44.114556678350816
1304,-3.7627182629777316,-54.476190802409945
1305,-32.50852348345816,-39.45133371019283
1306,-17.025109052585137,-41.60811343783267
1307,-16.902157784501203,-41.45169808131451
1308,-1.0864890552073838,-51.68176436272091
1309,-16.32839827690411,-37.608611754273085
1310,-7.8719441933348575,-38.67518566348944
1311,-33.6598235315544,-37.227133261144544
1312,-3.3497091320966916,-47.6394872649852
1313,-20.838688445783127,-50.36139878788914
1314,-32.111048299227235,-41.864015050727886
1315,-32.53987991225552,-53.40297222741341
1316,-20.241949828686238,-42.05786403078126
1317,-10.731229751012576,-41.602456134978034
1318,-8.296463384830584,-54.272447689323535
1319,-16.057521243332033,-36.417653227870886
1320,-14.189239580483068,-53.269988994110236
1321,3.3590964880049388,-46.91181603325889
1322,3.43377706163497,-58.85987957801986
1323,-4.312896379357909,-54.340261923371706
1324,1.5919707122796742,-49.343377030469355
1325,1.6957831932601897,-48.16470542143266
1326,-28.741721294883,-72.48828252143787
1327,-28.636677889101243,-49.14155045271634
1328,-25.856068190151248,-50.28290901257591
1329,-5.958357196351724,-44.12372181711332
1330,-22.0884353232073,-47.501631114551046
1331,-17.35776527258309,-65.8454639600104
1332,-4.157315840989346,-49.52310962009105
1333,-26.483969618747103,-40.35046858260076
1334,-0.9193859030965088,-60.31942902293442
1335,-26.31251963530137,-46.311585044430444
1336,-13.57400098274125,-42.048762669105805
1337,-30.120237947849866,-42.474929920654645
1338,-8.518411882815014,-44.53197756012713
1339,-19.437422439624584,-45.04897345569082
1340,-4.841416804624762,-39.84280089915893
1341,-22.867856644386755,-36.07623708189041
1342,-26.007325816211548,-45.0755246451433
1343,-27.622693894985783,-62.16943543255814
1344,-33.079174537811824,-71.1347583858715
1345,-7.161665414686638,-57.87374523729482
1346,-17.63842724075599,-37.47502385296312
1347,-29.504415239837975,-43.73322627688572
1348,-32.53383916399265,-40.01521631469802
1349,-9.474644809741132,-40.39576089319692
1350,-9.595524882031212,-42.91608672546718
1351,-30.766734078515412,-38.74008643576889
1352,-7.411619766514421,-53.33388167837271
1353,4.911269990272761,-60.61718295848673
1354,-21.579309927245085,-73.16356182888063
1355,-16.839997717447982,-39.406794517669724
1356,-16.770625728715686,-41.0623699187569
1357,-17.111832412184672,-36.983638964280246
1358,-12.784584990027213,-37.55152506879034
1359,0.2483092354906571,-56.465733363605096
1360,-4.055832476916924,-47.1790113902822
1361,-17.215564513841812,-37.90565792668588
1362,-24.148476908562742,-65.59477816017846
1363,-4.621100430160341,-58.681331429040114
1364,-29.394744306466784,-38.75566074811018
1365,-17.72201551302762,-69.16165764267363
1366,-11.885388650444298,-41.845067222188355
1367,-23.96685794805419,-50.64105818684069
1368,-15.635288320022632,-49.80171166236672
1369,-31.888238529024214,-42.62384420237322
1370,-3.6621966800827788,-58.95930756737911
1371,-20.572642590908934,-39.96416848249977
1372,-24.393245693399734,-53.18228185474617
1373,-25.47837855252566,-48.173831753166475
1374,-3.902980192424849,-38.05446992499494
1375,-2.7699159552739054,-52.59994698496354
1376,-14.402063336631018,-53.94773196579227
1377,-17.011441206685507,-71.8676489868705
1378,-16.028592548299457,-49.99530194375868
1379,-7.821257168344571,-45.26651868322975
1380,-19.52709818792294,-68.09015041256109
1381,-13.87731329705319,-46.94842984834048
1382,-2.079877612505131,-38.321195694351296
1383,-14.860796027645172,-47.61397955459763
1384,0.4809109747059601,-45.72713092520422
1385,0.2626757105350075,-54.40642043043922
1386,-28.406154644952313,-66.90526003737763
1387,-24.125471791976764,-41.89062855183979
1388,-2.4776075983183894,-43.77408737059915
1389,4.290882994997386,-57.05378392345939
1390,-9.199737465913005,-54.45928987896691
1391,-1.4961875450856459,-60.66774139558079
1392,5.114235316902155,-57.51381893348249
1393,-2.4090443152100827,-50.160458522875274
1394,-25.169067185725883,-68.24959484311832
1395,-17.359929231542477,-48.39556444988101
1396,-5.2169544546555695,-39.444470227388166
1397,-2.8432278200448042,-43.28876142943567
1398,-18.10931889782404,-47.49971807708592
1399,-19.538860048873566,-40.54579501357773
1400,-19.539118970774084,-69.96834352598981
1401,-20.95530723319183,-41.19682228981485
1402,-18.184077031388618,-52.87885415939075
1403,-8.809199064031748,-51.32478874460927
1404,0.6649149779797332,-48.10665385416734
1405,-33.218366760534614,-73.7265443631207
1406,-30.4417567016456,-69.1216588082636
1407,-9.156910818495412,-48.776469550758165
1408,0.36421675328862957,-48.589951589634694
1409,-5.055848762227896,-72.28960522994556
1410,-4.26306784731138,-39.48863630646354
1411,-19.439239363063514,-40.862147509554774
1412,-7.172036538897672,-51.993504862884734
1413,-7.423526776862042,-44.86099340825346
1414,1.7699480066058442,-55.68517728357624
1415,-29.98042264747747,-51.53014857088782
1416,-21.10766211368492,-34.807897139273024
1417,-9.78059858723682,-51.917858255286546
1418,-9.55422072563967,-38.953962461106286
1419,-17.711496656930418,-42.752712220426574
1420,-4.737860554031052,-56.10344030079505
1421,-26.984534372518517,-51.11720454529759
1422,-20.444166989148577,-62.57834925484854
1423,-26.660474249290825,-41.84205123705668
1424,-18.567520147216143,-45.8387901344148
1425,-4.644968679566646,-46.45365712118438
1426,-10.08733070157739,-52.63829628103041
1427,-15.007225486500293,-65.91997860394282
1428,-13.465676213467264,-56.07615789383826
1429,-27.620230269392714,-38.05475260201591
1430,1.5212716144706206,-58.538329435282854
1431,-13.205031145664659,-44.14941199812637
1432,-1.649981537965333,-44.68328695582358
1433,-4.425452615467303,-52.47986624559276
1434,-4.8890567970306495,-54.64478868495422
1435,-31.19997662106893,-49.8869884240827
1436,-2.2078031434176237,-52.343789771422806
1437,-14.791279779649772,-36.06481575659832
1438,2.728812918771876,-54.0768668710432
1439,-10.49316543299357,-58.91502916249395
1440,-33.977121860973035,-51.81115667312271
1441,1.6881492234893853,-59.78586057140162
1442,-5.865271281897339,-39.61763316285611
1443,-32.02542259915611,-63.29947870623243
1444,-5.705620356563845,-49.285662901116126
1445,1.154134086411971,-54.808975400072235
1446,4.678488763101299,-51.759166785946675
1447,-33.73918847894766,-64.14540287487489
1448,-0.24193319351530818,-60.20917739133951
1449,4.7310026667981315,-54.439623575308026
1450,-2.382901513018158,-43.66004246370869
1451,-11.808054010911718,-41.86097790230301
1452,-33.91232508425275,-36.3811706088885
1453,-11.116111672558159,-40.51460293431557
1454,-13.816665673613945,-39.97502983164261
1455,-28.842098691840373,-37.20806003634749
1456,-13.242693753986352,-73.42270604937968
1457,-33.22280172467301,-48.201188409119226
1458,-21.182938957307655,-65.72301168062565
1459,-12.17229963237427,-47.89336486568102
1460,-23.084365054460232,-42.9622505787063
1461,-8.289063026232384,-40.15991361257038
1462,-6.583718335276883,-48.69858463307959
1463,-0.49367583603685183,-55.27452869262663
1464,-33.20461753777183,-42.39270106506663
1465,-9.030632738683202,-52.174166231942806
1466,-20.17249540296988,-51.42639476896868
1467,-13.94352773221177,-52.45951189454782
1468,-3.7989418048417907,-59.46942500830654
1469,-8.630187059080981,-40.060659648702206
1470,-23.423201701601286,-40.408923213767785
1471,3.3543826438288793,-47.46662129985048
1472,-25.794297760522447,-51.173602560403516
1473,-6.77542581410078,-47.5470169342711
1474,-7.3891910026999845,-38.196886492651274
1475,2.327598389045331,-55.99861770674529
1476,-25.077271484998782,-64.35585831109663
1477,-24.329705248103593,-73.96361030086595
1478,-19.430977586450485,-45.82131915886313
1479,-5.076333490102206,-38.969909686478644
1480,-2.365266417004319,-54.568652306519034
1481,4.355290242287884,-45.13439886672744
1482,-29.650105400229926,-66.26642942619901
1483,-2.5798924038051223,-53.916805230176244
1484,-4.180859525026571,-60.94168328718221
1485,-3.567588370214692,-49.00919604395125
1486,-26.396670569072786,-47.23376036737219
1487,-14.364972101608895,-35.76713075171503
1488,-29.349205697672858,-40.72717517730936
1489,1.764458004802269,-53.40712456617799
1490,-22.96776325510972,-64.06344002605996
1491,2.2489002442074106,-51.412726586519824
1492,-12.088792693818682,-70.64960404450308
1493,-3.1397344279320865,-59.87025408620081
1494,5.242927541600654,-60.88560523818106
1495,-26.799034177079,-68.16561123954347
1496,-11.779784362645625,-38.42600480587407
1497,-6.5853689720454,-59.8003746708637
1498,2.103542267420334,-51.555158516802116
1499,-7.7811316740227845,-65.93551201611449
1500,2.730053694214095,-54.76721402106873
1501,-12.164247064468036,-39.932165335220915
1502,-7.480866821514784,-53.750746626565714
1503,-17.129633859680062,-38.292902648176174
1504,-24.621298592634236,-53.733751133087125
1505,-7.476117448182891,-41.47464323909562
1506,-16.414737360725336,-52.00970106534363
1507,-7.270500046530375,-44.07680699490177
1508,-27.83919590128835,-40.76818907715956
1509,-9.447939789159383,-56.75354387605384
1510,-14.127200908680878,-41.11857752226912
1511,-0.869124645117024,-54.348933426645374
1512,-23.17843672716519,-73.27697452127418
1513,1.2316759293928676,-50.43644838844162
1514,-24.82455241733922,-44.160308518323944
1515,-5.234294250841971,-42.45193332986642
1516,-2.061832222601211,-41.4098851949347
1517,-6.500317845828631,-47.86608814260725
1518,-6.31638707677549,-59.30574632828348
1519,-12.0192805454882,-41.630291439536634
1520,-5.682117450049672,-40.637354379316676
1521,-13.386026852877837,-40.70127172511844
1522,2.1432628302217616,-54.234631286801736
1523,-31.941284219634454,-37.9479008549698
1524,-2.527484018774727,-44.048813336457954
1525,-17.405732825868036,-46.389375372013035
1526,-13.436174764525408,-45.592444662422785
1527,-30.020799798700963,-41.78196451605716
1528,-15.775052576934147,-42.68940811516599
1529,-6.024892844664912,-40.94310311847222
1530,-10.19204478564672,-39.34802552333851
1531,-13.282100192613159,-38.41169319606941
1532,-0.33655710909332104,-50.68869326556593
1533,-3.4977793887314492,-57.54752664082592
1534,-5.863167062462196,-43.57615990880388
1535,0.6506783118802559,-48.95328204683238
1536,-20.838779827207876,-35.071363075264365
1537,-25.723166144003915,-45.39721592185093
1538,-10.315004408462457,-38.220146065509226
1539,-6.255371797376984,-68.06439734986218
1540,0.7052187629634261,-58.84719692634216
1541,-19.805642254028143,-66.1686347212663
1542,-2.080464231600125,-40.82145902158577
1543,-4.882747364570462,-56.86791758118179
1544,-7.100509119981667,-51.415989105190924
1545,-18.922702888285095,-47.973235554584676
1546,-7.579165897649301,-48.401922855703546
1547,-29.2859413873924,-34.46606218767141
1548,-30.562420675342963,-39.03274702454545
1549,-22.157202047801327,-41.17450048379489
1550,-26.73606323452762,-47.56292431419689
1551,-32.25084613726523,-36.64572248898769
1552,-13.129560611918,-34.37496820739836
1553,-10.529950589606997,-43.699994463029036
1554,1.106386021800839,-58.84207233148841
1555,3.0722927012356926,-49.178009326198044
1556,-15.076993794277818,-45.811510481626144
1557,-10.928436887883436,-38.07162655168463
1558,-2.7382188165333305,-52.98687165143791
1559,-5.006762781156148,-41.773978491872434
1560,-21.796649230060343,-51.93115339916357
1561,5.144867791422174,-48.33876153005938
1562,-3.966224742642876,-53.617574470716036
1563,-10.627810610724993,-38.10981934801035
1564,-5.970419997704296,-46.99960885989461
1565,0.20671421532681133,-55.23667193098192
1566,0.4089136555538291,-52.16414455933769
1567,-10.210106615728613,-65.04374296975287
1568,-2.7372978014881113,-50.921834475294
1569,-9.344993925461331,-46.71133824728781
1570,-21.03178305017022,-46.3161188660101
1571,-27.494024185237524,-36.87516327697956
1572,-5.838099550796587,-52.249822049481004
1573,-8.897990197717627,-42.84419689556857
1574,-6.861237303789167,-44.151004957840954
1575,-9.548817857866428,-46.835187528878265
1576,-22.36841915873917,-72.42640874904328
1577,-3.3331427978451513,-46.921433382832866
1578,-1.8545153252712305,-59.7100545321875
1579,-16.340793679357322,-42.79074049346406
1580,-13.31049420373743,-40.382698623328125
1581,-7.765999972415725,-40.74743592412956
1582,-1.5200386092221079,-58.17596692993009
1583,-2.424530239690867,-58.37953877848198
1584,-13.511773501174545,-43.50245272672113
1585,-14.681959711991176,-51.48204542623229
1586,-5.085533854638536,-61.57357000696639
1587,-2.074374468391793,-52.03464038697191
1588,-32.22899254270289,-49.30329733658186
1589,-27.549331352370018,-41.64316251310008
1590,-8.218749243443574,-38.17874631223439
1591,-24.081980018272734,-52.59402000573329
1592,-13.056244214242028,-67.66987312267435
1593,-12.143211105832322,-43.47763112258319
1594,-2.1839311274435182,-42.72245832805753
1595,-23.96908128157403,-51.86592857156428
1596,-17.080047920482183,-38.43917750711521
1597,-20.934140683563346,-65.49966566897882
1598,-29.794783791030326,-37.803751633287746
1599,-11.952477810660852,-69.23313987825145
1600,-7.68715583271878,-39.80763439811489
1601,-8.65981050601592,-60.61436050330814
1602,-3.5220748794872687,-42.42705708727725
1603,-13.403610594636257,-34.65965010997441
1604,-33.09074947959791,-36.04825577675656
1605,-12.455715013091602,-35.73402502225956
1606,2.6284119342480112,-57.8752316726752
1607,0.9744023006783769,-51.13709365478028
1608,-17.73375853355455,-68.13825230313998
1609,1.6976141394702502,-44.76244742694821
1610,-30.39767722376828,-38.68352118898181
1611,-25.53034448371357,-42.666452616456795
1612,-5.742647278431873,-61.85542273913339
1613,-3.9351157630594678,-34.366609701322915
1614,-10.433119239673683,-42.745914655009585
1615,0.42667331098361494,-56.394750641621286
1616,-3.0146379836214146,-46.57258361841137
1617,1.41700525265236,-45.97467171569069
1618,-11.650679083365286,-35.73152878327162
1619,-3.119069581733057,-46.22979501547368
1620,-15.596833522324403,-40.427035949720604
1621,-22.538796384320346,-39.644568926810166
1622,1.2072911203467616,-44.45011978094962
1623,-27.511764022725853,-37.95511680506866
1624,-9.639555477294845,-41.051194902096405
1625,-26.087825293351774,-40.28403197294264
1626,-15.557938498261638,-45.232559417738216
1627,-7.3128987517584765,-55.68254212042005
1628,3.9654667689527425,-57.34626836436059
1629,-4.14934642563086,-53.44698889313299
1630,-20.98947837765962,-36.65394491275646
1631,-11.31300887885369,-41.57320359485674
1632,-27.983946061736617,-65.54589762194584
1633,-12.865829111344553,-38.50572496989459
1634,0.8783959477624874,-58.48577103447092
1635,-7.6077129340621825,-39.9513033909187
1636,-8.987675423255443,-36.05534000502659
1637,-21.454133653255827,-35.23305389277239
1638,-26.353539827609442,-66.99248452532716
1639,-25.95038512213555,-40.19758192152867
1640,-19.978325968197588,-45.07971953055766
1641,-9.39803397511352,-60.68025899726119
1642,-20.417832440949407,-48.79924186808382
1643,-13.04233262308352,-41.19772029032742
1644,-23.984687448041633,-36.82953087397817
1645,-11.908065677359172,-48.91060537113481
1646,-1.8579068811098143,-46.843844632540296
1647,-7.457560350593931,-49.90704469858284
1648,-14.442012662016374,-46.10030905875333
1649,-6.368756700840262,-38.13090708573847
1650,-23.035552361003347,-37.05038278724737
1651,-12.346146350673978,-57.66343106786222
1652,-30.22056313801985,-71.59899410073494
1653,-12.847278325372894,-61.972489976638435
1654,-19.563978082783283,-67.26826295941436
1655,-15.204869150662297,-49.4605299575862
1656,3.7235622510566095,-55.53120530171557
1657,-33.155987023113305,-44.9681826450209
1658,0.7641631286812327,-57.048803426361054
1659,-29.509041977937038,-38.42129226337164
1660,-33.43224542775312,-42.68838776355895
1661,-14.106370922958344,-41.67164492700587
1662,-23.078770422177335,-41.72431155141664
1663,3.1945408100626747,-60.528078604004904
1664,-8.848097431863632,-43.58966056455093
1665,-16.587474121981153,-47.84267399440168
1666,-15.75482526505207,-66.21238105413804
1667,-3.589571389642008,-44.985479766757535
1668,-15.558611912915076,-52.882323488197365
1669,-17.05092285635436,-44.77402856433088
1670,-3.0055431367656418,-42.11227332287575
1671,-29.40585271036308,-61.68628054214686
1672,-24.650564233046367,-34.453684034573484
1673,-5.475494293058649,-57.63689837129315
1674,-21.957246834639626,-47.076207669976284
1675,-3.0832349327748165,-52.43785628171995
1676,-12.240994955831356,-48.91994264419462
1677,-30.407677794364407,-48.33400883067243
1678,-13.191575638147881,-65.03052644547301
1679,-20.376845041565545,-64.74351766654705
1680,-7.376899203049757,-61.16938796940909
1681,-17.0664350712487,-36.43660461002862
1682,-13.906528565444557,-58.81990939102684
1683,-17.32369287670744,-53.95263625290782
1684,2.5007698478060387,-45.17908373240756
1685,-12.11862402538313,-34.901481471028575
1686,4.344751511138092,-54.63738089810416
1687,-3.1989667481361774,-42.666726835475316
1688,-24.941611217337186,-35.807733656615
1689,-8.31674971734557,-49.37762632719863
1690,-19.686061671556004,-53.718066779802534
1691,-19.595662818989204,-47.61744745955798
1692,-8.875791017531956,-63.633181133154224
1693,-33.37072626419078,-49.99116633269595
1694,-26.891075323595885,-40.02559211003724
1695,-15.251907973376575,-44.07140965077779
1696,-13.34094909103522,-35.091397183975204
1697,-29.464067785792686,-61.894678022497466
1698,-3.410360475645705,-59.143774562971466
1699,-3.874625411113517,-47.46412058253534
1700,-11.304089555761685,-38.184626525397476
1701,-32.035969199340144,-42.03798499487069
1702,-22.15188704758257,-41.157738018805844
1703,1.771065894563117,-53.16352523942998
1704,-18.551784674865758,-45.326989058151526
1705,-9.074674899276076,-34.662711885362484
1706,-17.809134177372865,-53.8066153533513
1707,-7.056694753345738,-68.37223315194387
1708,-33.04541087867645,-67.12559200471607
1709,-30.550981761253716,-73.0121972185914
1710,3.0879381295010244,-55.92577280252236
1711,-14.273685079300778,-43.774409957745114
1712,-27.59495819598142,-61.6707269693801
1713,-8.013463113923834,-46.275462790435746
1714,-25.734198955338844,-45.37702350284802
1715,-6.1433923038524565,-47.66233651588835
1716,-11.709737946102035,-47.66808287637303
1717,-2.483969647665443,-61.47610429348674
1718,-5.076333203332389,-46.78108755528461
1719,-17.028462163310206,-36.8921648661742
1720,-13.091389013824063,-34.47772109740998
1721,-16.71051770098636,-49.68616753856701
1722,-14.08859469104165,-43.85213096860102
1723,-12.663076059006347,-35.08274890630614
1724,-2.494233299699049,-45.75190902680684
1725,-11.782550172220727,-35.02960284444405
1726,-14.861740310483386,-41.86791561810841
1727,-4.201804671584437,-47.62637122406564
1728,-2.736325162832367,-50.62275470240057
1729,-11.25501380064496,-66.40473579155099
1730,-6.842682715650838,-63.95244328467889
1731,-30.0183435018427,-40.3505887165504
1732,-33.57832755697706,-52.18425698724143
1733,-5.295408521974707,-61.90905987831059
1734,-2.35393340245475,-53.64868195742158
1735,-11.311720231838219,-68.05681212911568
1736,-28.47319317716136,-36.44428827650148
1737,-16.253727378843255,-40.524052174354075
1738,-8.0526634498904,-68.4788179020079
1739,-13.762573202983754,-37.84187630313914
1740,-14.127884015456722,-38.17024283265952
1741,-26.018762804683487,-44.76721827381154
1742,-17.00030984440293,-50.595703305965955
1743,-14.777070078004872,-60.4552456144053
1744,-25.7963278492076,-40.18593566705646
1745,-17.219551353026635,-49.483107899783846
1746,-25.933017495179854,-69.96047782956948
1747,-27.842606906034188,-67.45899763107657
1748,-19.447251789911746,-46.76674231695742
1749,-7.139194986716977,-37.480069033063714
1750,-20.721918551728308,-47.13958327439276
1751,3.4433505888671476,-48.49564730696048
1752,-3.6350532719259814,-45.986640827286756
1753,-8.091511644699462,-39.88320106431726
1754,-32.955086312764095,-50.47909467830841
1755,0.20617013981306087,-58.791017829659395
1756,-18.15788080563845,-45.09747627066095
1757,-21.47362570055016,-49.72150113305443
1758,-23.842586692493484,-48.27056196243993
1759,-13.592543849582082,-52.54473084913634
1760,-9.651186025250926,-40.13926610893368
1761,-10.525497569813517,-36.953743519159374
1762,-25.445900043463674,-45.94731281870054
1763,-26.884067546565195,-51.927178071200956
1764,-9.798205715534976,-40.20765824338578
1765,-6.818015304569421,-66.44313803062428
1766,-6.830159848775079,-51.31302281979227
1767,-29.442793756587925,-39.3191877051363
1768,-6.6099751089100955,-62.255601809286865
1769,-33.80210385903426,-53.66711210035507
1770,3.1760878686031333,-56.52410621806628
1771,-28.661501899753375,-72.42529019211027
1772,-13.159761932854243,-41.495339838217305
1773,-4.994653932610172,-48.67337067585502
1774,-4.452636434214208,-60.75951801520489
1775,-2.8376295540548,-48.55996237045022
1776,-15.46837435623673,-38.27804273278742
1777,-20.10587997706647,-39.05376204049159
1778,5.235929669725881,-60.999862896018534
1779,-14.446728953324929,-71.6291108105692
1780,5.295363836235319,-55.098865131571934
1781,-30.191670864273032,-37.31345657140953
1782,-25.094233865529432,-50.88465138991275
1783,-10.625525391512387,-65.40525806257139
1784,-23.54202016512389,-48.17889785287078
1785,-10.770321648093194,-53.86240157946783
1786,-13.293221971549091,-38.61011464234312
1787,-26.450635351076293,-49.071009703047324
1788,-19.487088677162163,-70.91033550588952
1789,0.14727856243759252,-53.26563934017401
1790,-4.283529917875697,-38.072986535630754
1791,-11.187495125897112,-40.63233535998964
1792,-14.305423940449884,-53.67987696682518
1793,-33.64552605900011,-35.870004730787166
1794,-0.8216514286431167,-45.849236780559494
1795,-9.202871095421962,-60.11641331511135
1796,-31.54094636479616,-49.19543117837626
1797,-30.055817615145244,-34.59832653094624
1798,-6.896119076391134,-62.2104553551382
1799,-9.134957270554272,-55.481008776856825
1800,-8.086632950520269,-60.11008948126843
1801,-8.658768538224523,-54.35849652723341
1802,-2.869956014308185,-39.43403712626085
1803,-11.670185946362425,-55.05620147176938
1804,-17.950061139257585,-42.08143165098239
1805,-1.4442784042566528,-59.0912719684656
1806,-4.40606564616801,-57.304725480230886
1807,-20.931665038968703,-41.112664155327934
1808,-28.426556125236345,-39.73079121117483
1809,-7.957333808796564,-61.978245473175825
1810,-13.46279612963035,-41.77590694142204
1811,-4.275694383856991,-59.92748516060077
1812,-1.667970275256283,-57.4203787566257
1813,-11.366261533675747,-39.04117675487278
1814,-3.068151913729272,-35.36594665731983
1815,-13.479500778663656,-36.4049393294901
1816,-3.5610288464841915,-50.48345127738972
1817,-11.005867476646115,-61.197792143785364
1818,-13.37028801864449,-34.84238406452696
1819,-6.738535812571476,-47.02806250688516
1820,-30.96188333660391,-41.75349549646701
1821,-4.058555002633307,-58.28705416343345
1822,-19.102957397094702,-40.863581462501884
1823,-13.462318498632005,-46.380614427438026
1824,4.938671691300129,-52.08844097899377
1825,-5.144364746563655,-40.894332697950034
1826,-9.659666632176844,-59.730597626892646
1827,-2.344909984973702,-61.59813842118348
1828,-14.584695116699109,-71.77029933101745
1829,-20.106394723978536,-48.64691460126287
1830,-25.080960467202658,-52.412869512935
1831,-2.4161288541794534,-51.32008815076513
1832,3.077654741847198,-54.698117339843094
1833,-5.367960834353422,-66.37357597482743
1834,-5.7186937270546,-63.94498829629665
1835,-26.96590790877055,-38.68324581221287
1836,4.137829160755553,-47.99734609351195
1837,-2.7874720844503535,-45.06974466087369
1838,-19.277123036346566,-53.291089896089936
1839,-12.374465322096217,-62.64819012208208
1840,3.746507419945557,-44.627706943077605
1841,-5.4177492265400335,-38.49125318194722
1842,-4.006347789162047,-45.75903876950849
1843,-0.6098293663331704,-58.81619604493702
1844,-2.521901391779844,-58.52993248203881
1845,4.221302026388404,-57.63293019470589
1846,-5.96989204766402,-47.776575871958016
1847,-22.58705106426343,-35.600328786225035
1848,-1.0028961525289608,-45.82445405041276
1849,-3.564329648139532,-43.0021254875927
1850,-31.838932442291693,-62.17072735836488
1851,-10.044112739379184,-53.093047892427805
1852,-8.78921044045012,-42.80763042411492
1853,-21.532098732465123,-41.94691021249379
1854,-8.679189803011255,-64.2543382661375
1855,-22.795939774177423,-47.757235933381786
1856,-10.321022727768472,-47.05222750207507
1857,-30.168602801468975,-50.92339201483107
1858,-4.577118342918135,-59.868833956750535
1859,-29.520529900390194,-53.14100567454876
1860,-11.775168600774347,-64.12741660191271
1861,-4.1896755796930485,-52.631546366409644
1862,2.1896134986658726,-47.23793327367862
1863,-12.964291598731464,-70.95089320068305
1864,2.168967624775651,-46.207138137679834
1865,-23.428093675770384,-53.38382820119385
1866,-4.438735057505044,-47.60252371074343
1867,-5.318092422867986,-36.26100333304066
1868,-18.19251078862994,-45.36612660107262
1869,-14.815998970949526,-65.63428703460959
1870,-12.993241710982018,-39.12030091412511
1871,1.9367006390803851,-60.685565048069144
1872,-4.110894664910859,-50.894277542499275
1873,-25.149368570625185,-36.5743909046379
1874,-8.487080472464937,-41.363382439808284
1875,-11.980341808625266,-53.732009714471836
1876,-24.23120279990834,-49.05544828662353
1877,-16.173307814897157,-46.35350302495121
1878,-7.46190518581514,-43.153841305578304
1879,-17.262564454908755,-69.65725504127329
1880,-19.092233352191688,-34.444999783388475
1881,-2.080618942571105,-44.6877501135088
1882,-23.51072060186185,-50.80336538489336
1883,-20.32203119058144,-52.07007717371579
1884,-27.985204140340585,-47.116362023567014
1885,-31.39274435178666,-45.894391579306756
1886,-6.939814929716862,-50.69724676057156
1887,-29.985760064659445,-41.926197442591615
1888,-25.790713879417524,-67.52295627999267
1889,-28.13890310176336,-37.97891945371261
1890,-31.256860467277846,-43.40924706030268
1891,-21.319997026162884,-61.823035425967944
1892,-30.936496761475286,-41.2811565596169
1893,0.2537587233488754,-54.06417765237944
1894,-23.243224191052978,-35.62083135765925
1895,-14.35711131078537,-61.3925730600192
1896,-10.487413045656336,-35.80100025835441
1897,-22.97882021236806,-35.41605566919366
1898,-7.905042898620341,-44.968827909236694
1899,-2.077711186915494,-52.915862678620655
1900,-13.536529846933302,-45.674757883084226
1901,-28.865185993988852,-52.943517466443424
1902,-28.577767431298497,-42.17733496510185
1903,-1.0048749967976383,-59.77564526473921
1904,-18.498887510994294,-63.127896446421
1905,-33.636962870770745,-69.7801904181912
1906,-21.263037775964296,-50.77073766492144
1907,-8.32628827085001,-48.25169773984132
1908,-28.407298377248487,-35.20768471149935
1909,-23.789960922946797,-49.98872113438289
1910,-4.0803318422991754,-51.13704652212018
1911,-29.07906465296564,-64.32678353596148
1912,-16.38254803947205,-46.355421471174864
1913,-30.870506733283896,-36.03950563586737
1914,-33.62901884102388,-49.40505372075083
1915,-3.559547378884337,-50.65123973320468
1916,-3.0371161957857016,-50.62396090814818
1917,-29.04996352823992,-70.51263430404796
1918,-6.619084346323367,-40.59020768453239
1919,-14.4858263591981,-38.187615986885405
1920,-12.952211074898415,-35.283443103614616
1921,-23.298983864665026,-48.22942823283688
1922,-31.516108635158247,-39.783851805034665
1923,-31.890130931521945,-43.52904519529238
1924,-14.114066153669388,-59.11877508633468
1925,-4.907968317166169,-35.20689818293495
1926,-27.553097065609528,-46.180219933008495
1927,-1.4009735238304688,-53.093787898191664
1928,-19.404813373350876,-37.786991319673845
1929,-18.482557890825696,-73.22631980265943
1930,-18.222070591534177,-43.12434828843254
1931,-9.83634601010428,-48.323648431064356
1932,-32.556864374972065,-50.17978749729871
1933,-20.047898336096353,-51.4772752959294
1934,-13.717491862731857,-49.3231423965684
1935,-8.279474422155841,-52.7826522670191
1936,-22.237689558045155,-50.14588671666934
1937,-6.733263062650307,-50.507073358687826
1938,-12.586620831287659,-38.996355842699444
1939,-6.367071308505018,-42.756950279229656
1940,5.176581998101765,-57.67343209135328
1941,-27.90767184116679,-41.981838580103435
1942,-10.052507805441255,-39.9242392481092
1943,-0.9533540846640021,-52.78359587262326
1944,-6.729159470082967,-50.51815168250975
1945,-28.269782278157255,-34.556308596562424
1946,-3.724406065546493,-40.06602261263573
1947,-3.7778276585506685,-58.209608991203396
1948,-29.29429012474888,-51.49822607892007
1949,-26.694892201905922,-42.59202626880925
1950,-1.5679115900225709,-44.07379242372169
1951,3.342665290731027,-59.17601164210732
1952,-25.300285566657415,-43.38278069265879
1953,-27.780579304239616,-34.03196169762448
1954,-10.25526050575365,-61.02033125210361
1955,-4.799849003014119,-56.489817962819366
1956,-6.4569694332354715,-71.40996388751773
1957,-14.908782970286538,-71.54209345999391
1958,-2.3743015922174635,-46.4650653651843
1959,-3.8026743059914914,-52.086601436616284
1960,-30.846928518404784,-72.36526080292721
1961,-11.26950979921408,-37.90272737140968
1962,-20.588321266615047,-41.977239322398574
1963,3.2097860570507564,-44.111891616491775
1964,-9.88389685466667,-60.772021429898246
1965,-19.82814308402307,-35.79191685693411
1966,-10.065737640315856,-43.58509976248088
1967,-15.47849355289549,-42.77250219452566
1968,-1.7973326253657147,-58.058882956671816
1969,-4.097557755589378,-35.48173866408
1970,-23.498319183979802,-37.647268261726694
1971,-11.755311322300145,-57.50094476172992
1972,-4.653962549353082,-58.75472210485492
1973,0.3323620757638732,-54.45050727299523
1974,-18.05425784371534,-42.69178284741518
1975,-9.097151110080794,-43.62508509995739
1976,-8.988760450153016,-65.91944500756878
1977,-28.693970154340388,-34.52519483458655
1978,-10.268091799677341,-45.84197926549753
1979,-24.539630086903227,-53.23708505309354
1980,-6.600223474964011,-34.62891731810055
1981,-18.331898293652316,-50.585644794171365
1982,-18.990957329947403,-39.490853957257244
1983,-0.9862050840206553,-57.483887906286775
1984,-20.881501778105672,-61.15085250867854
1985,-25.31020576274848,-52.75527148563237
1986,-24.202847859067106,-38.158837514005455
1987,-0.3954966431219731,-49.50918692974585
1988,5.2219922462396635,-49.549373927619754
1989,-31.59292807761204,-51.15294949541152
1990,-22.399484896279134,-40.66367483558376
1991,-21.969720758384177,-66.3489093406366
1992,-15.14108353984593,-66.39002179479915
1993,-5.313543325521026,-46.84790472226463
1994,-19.07544765993754,-49.58679906535204
1995,-19.271367664931674,-61.62704713129636
1996,-2.3034229378085196,-52.71571395072217
1997,5.196013579768152,-47.119187034325776
1998,-4.852669095512265,-40.01116939280118
1999,-4.273504527091804,-60.601760643211875
2000,-33.87133591313689,-40.96336159081709
